cvi_name,cvi_area_sq_miles,GEOID,tract_area_sq_miles,total_population,poverty_universe,below_poverty,housing_units,occupied_units,vacant_units,intersection_area_sq_miles,overlap_share,total_population_weighted,poverty_universe_weighted,below_poverty_weighted,housing_units_weighted,occupied_units_weighted,vacant_units_weighted
Live in Peace,5.034027318117923,26163506400,0.7043636952673102,1253.0,721.0,307.0,466.0,267.0,199.0,0.0880099069954902,0.1249495219399261,156.5617509907274,90.08860531868672,38.35950323555731,58.22647722400556,33.36152235796027,24.864954866045295
Live in Peace,5.034027318117923,26163506500,0.36905718399790327,1955.0,1955.0,551.0,991.0,702.0,289.0,0.24072871482031027,0.6522802569849933,1275.2079024056618,1275.2079024056618,359.4064215987313,646.4097346721284,457.90074040346525,188.50899426866306
Live in Peace,5.034027318117923,26163506600,0.4775311485551279,2547.0,2547.0,794.0,1524.0,1057.0,467.0,0.34642446882053823,0.725448946877537,1847.718467697087,1847.718467697087,576.0064638207645,1105.5841950413665,766.7995368495566,338.7846581918098
Live in Peace,5.034027318117923,26163506700,0.36103672281499705,1267.0,1243.0,536.0,457.0,367.0,90.0,0.006951934625393523,0.01925547786715271,24.396690457682485,23.93455898887082,10.320936136793852,8.799753385288788,7.0667603772450445,1.732993008043744
Live in Peace,5.034027318117923,26163506800,0.6751859019364383,4230.0,4215.0,1006.0,1763.0,1625.0,138.0,0.43709836726576196,0.6473748430056974,2738.3955859140997,2728.6849632690146,651.2590920637316,1141.3218482190443,1051.9841198842582,89.33772833478623
Live in Peace,5.034027318117923,26163506900,0.46649267845436404,3711.0,3680.0,1506.0,1520.0,1308.0,212.0,0.4664926784543641,1.0,3711.0,3680.0,1506.0,1520.0,1308.0,212.0
Live in Peace,5.034027318117923,26163507000,0.457881540910095,2769.0,2696.0,854.0,1172.0,933.0,239.0,0.45732068842646484,0.9987751144487822,2765.608291908678,2692.697708553917,852.95394773926,1170.5644341339728,931.8571817807137,238.70725235325895
Live in Peace,5.034027318117923,26163507100,0.4168278506206304,1455.0,1455.0,754.0,1206.0,700.0,506.0,0.4168278506206304,1.0,1455.0,1455.0,754.0,1206.0,700.0,506.0
Live in Peace,5.034027318117923,26163507200,0.2913306927970022,1327.0,1327.0,304.0,723.0,436.0,287.0,0.2912857497954197,0.9998457320059517,1326.7952863718979,1326.7952863718979,303.9531025298093,722.888464240303,435.93273915459497,286.95572508570814
Live in Peace,5.034027318117923,26163507300,0.5057141770039143,2100.0,2100.0,782.0,1227.0,757.0,470.0,0.5057141770039144,1.0,2100.0,2100.0,782.0,1227.0,757.0,470.0
Live in Peace,5.034027318117923,26163507400,0.4785782733492545,2713.0,2696.0,1454.0,1341.0,867.0,474.0,0.4785782733492544,0.9999999999999998,2712.9999999999995,2695.9999999999995,1453.9999999999998,1340.9999999999998,866.9999999999998,473.9999999999999
Live in Peace,5.034027318117923,26163507500,0.34493373778031133,2206.0,2206.0,638.0,1134.0,859.0,275.0,0.3442574720514328,0.9980394329263633,2201.6749890355577,2201.6749890355577,636.7491582070198,1131.776716938496,857.3158728837461,274.46084405474994
Live in Peace,5.034027318117923,26163508000,0.6767707031402197,1079.0,1067.0,714.0,815.0,543.0,272.0,0.009776759405675229,0.014446191834710062,15.587440989652157,15.414086687635637,10.314580969982984,11.7736463452887,7.844282166247564,3.929364179041137
Live in Peace,5.034027318117923,26163508100,0.6078126147617906,1398.0,1398.0,784.0,928.0,411.0,517.0,0.42461534981819676,0.6985958163843126,976.636951305269,976.636951305269,547.699120045301,648.2969176046421,287.12288053395247,361.1740370706896
Live in Peace,5.034027318117923,26163509000,0.9012527690566293,1655.0,1649.0,423.0,1282.0,691.0,591.0,0.5027445584475049,0.5578285867279431,923.2063110347458,919.8593395143782,235.96149218591992,715.136248185223,385.4595534290087,329.6766947562144
Live in Peace,5.034027318117923,26163509100,1.0913906056940783,4317.0,4301.0,1305.0,1652.0,1147.0,505.0,0.007809854420000889,0.0071558746971568,30.891911067625905,30.777417072471394,9.338416479789624,11.821504999703032,8.20778827763885,3.6137167220641837
Team Pursuit,4.575201179084904,26163500100,0.4711057296108341,4042.0,4016.0,1373.0,1666.0,1354.0,312.0,0.4710857364986377,0.9999575613053722,4041.8284627963144,4015.8295662023747,1372.941731672276,1665.92929713475,1353.942538007474,311.9867591272761
Team Pursuit,4.575201179084904,26163500200,0.3627971624050507,2510.0,2460.0,826.0,1266.0,1129.0,137.0,0.3624949161989138,0.9991669003028213,2507.9089197600815,2457.9505747449402,825.3118596501304,1264.9452957833716,1128.0594304418853,136.88586534148652
Team Pursuit,4.575201179084904,26163500300,0.49594505931170996,1947.0,1835.0,575.0,1115.0,737.0,378.0,0.4959450593117098,0.9999999999999997,1946.9999999999993,1834.9999999999993,574.9999999999998,1114.9999999999995,736.9999999999998,377.9999999999999
Team Pursuit,4.575201179084904,26163500400,0.38137050971648095,1041.0,1039.0,657.0,759.0,410.0,349.0,0.381370509716481,1.0,1041.0,1039.0,657.0,759.0,410.0,349.0
Team Pursuit,4.575201179084904,26163500500,0.31398091216781443,1165.0,1142.0,226.0,788.0,533.0,255.0,0.3121116895213603,0.9940466997386929,1158.0644051955771,1135.2013311015874,224.65455414094458,783.30879939409,529.8268909607233,253.48190843336667
Team Pursuit,4.575201179084904,26163500600,0.5667053240789169,2811.0,2811.0,884.0,1388.0,985.0,403.0,0.5667049198485021,0.9999992867008697,2810.9979949161448,2810.9979949161448,883.9993694435688,1387.9990099408071,984.9992974003567,402.9997125404505
Team Pursuit,4.575201179084904,26163500700,0.4708249579146441,4284.0,4284.0,1415.0,1637.0,1343.0,294.0,0.003179481153462057,0.006753000451684775,28.929853935017576,28.929853935017576,9.555495639133957,11.054661739407976,9.069279606612653,1.9853821327953238
Team Pursuit,4.575201179084904,26163500900,0.45021753030162726,3771.0,3771.0,1666.0,1706.0,1279.0,427.0,0.18783589796575514,0.41721142630744035,1573.3042886053574,1573.3042886053574,695.0742362281957,711.7626932804932,533.6134142472162,178.14927903327703
Team Pursuit,4.575201179084904,26163501000,0.34590017992739436,2933.0,2905.0,1184.0,1230.0,853.0,377.0,0.1581064721718316,0.45708699025545085,1340.6361424192373,1327.8377066920848,541.1909964624538,562.2169980142046,389.8952026878996,172.32179532630497
Team Pursuit,4.575201179084904,26163501100,0.4769644302041611,2886.0,2886.0,1352.0,1488.0,1174.0,314.0,0.003981965796294,0.008348559230275408,24.09394193857483,24.09394193857483,11.287252079332353,12.422656134649808,9.80120853634333,2.621447598306478
Team Pursuit,4.575201179084904,26163503100,0.37852788963094997,2783.0,2635.0,523.0,1252.0,1162.0,90.0,0.37852078378616644,0.9999812276849919,2782.9477566473324,2634.9505349499536,522.9901820792508,1251.9764970616097,1161.9781865699606,89.99831049164926
Team Pursuit,4.575201179084904,26163503200,0.49079837794860404,2663.0,2663.0,735.0,1348.0,1055.0,293.0,0.2139522707233007,0.43592701267180145,1160.8736347450072,1160.8736347450072,320.40635431377405,587.6296130815883,459.9029983687505,127.72661471283783
Team Pursuit,4.575201179084904,26163503300,0.5011650167395433,3077.0,3039.0,1027.0,1522.0,1241.0,281.0,0.21936971514402326,0.43771952913072193,1346.8629911352314,1330.229649028264,449.5379564172514,666.2091233369588,543.2099356512259,122.99918768573286
Team Pursuit,4.575201179084904,26163503400,0.25876067579188455,832.0,832.0,393.0,579.0,370.0,209.0,0.25876067579188455,1.0,832.0,832.0,393.0,579.0,370.0,209.0
Team Pursuit,4.575201179084904,26163503500,0.6235639897907119,1878.0,1878.0,539.0,1304.0,708.0,596.0,0.34424129546867843,0.5520544821457969,1036.7583174698066,1036.7583174698066,297.5573658765845,719.8790447181192,390.8545733592242,329.02447135889497
Team Pursuit,4.575201179084904,26163503600,0.2852555083701192,1410.0,1410.0,569.0,932.0,663.0,269.0,0.07485416080715969,0.2624109214747796,369.9993992794393,369.9993992794393,149.31181431914962,244.5669788144946,173.97844093777888,70.58853787671572
Team Pursuit,4.575201179084904,26163503900,0.37985520816243956,1795.0,1795.0,756.0,936.0,611.0,325.0,0.00039554278626536117,0.0010412988364140398,1.8691314113632014,1.8691314113632014,0.7872219203290141,0.9746557108835412,0.6362335890489783,0.33842212183456294
Team Pursuit,4.575201179084904,26163504000,0.24400942484704685,1024.0,1023.0,191.0,540.0,378.0,162.0,0.0007695757135306554,0.0031538770029602378,3.2295700510312835,3.2264161740283233,0.6023905075654055,1.7030935815985284,1.1921655071189698,0.5109280744795586
Team Pursuit,4.575201179084904,26163504100,0.28518610570404507,1209.0,1185.0,457.0,756.0,547.0,209.0,9.590455374004565e-05,0.00033628760946569964,0.40657171984403084,0.3985008172168541,0.15368343752582472,0.2542334327560689,0.1839493223777377,0.07028411037833122
Team Pursuit,4.575201179084904,26163505400,0.5367027149768824,2183.0,2183.0,586.0,1317.0,841.0,476.0,0.1097665113090329,0.20452013423066234,446.4674530255359,446.4674530255359,119.84879865916814,269.3530167817823,172.00143288798702,97.35158389379528
New Era CC,3.686271973880809,26163536200,0.25978407953702604,2017.0,1994.0,384.0,1022.0,936.0,86.0,0.25884649912835717,0.996390924300135,2009.7204943133722,1986.803503054469,382.61411493125183,1018.3115246347379,932.6219051449264,85.6896194898116
New Era CC,3.686271973880809,26163536600,0.7029926559340657,2343.0,2343.0,549.0,1760.0,1074.0,686.0,0.23018280094385415,0.32743272493794473,767.1748745296045,767.1748745296045,179.76056599093167,576.2815958907827,351.66274658335266,224.61884930743008
New Era CC,3.686271973880809,26163536700,0.24855000331362415,1246.0,1246.0,369.0,591.0,438.0,153.0,0.2470848878564001,0.9941053492750296,1238.655265196687,1238.655265196687,366.8248738824859,587.5162614215425,435.41814298246294,152.0981184390795
New Era CC,3.686271973880809,26163536800,0.2450508038061477,1613.0,1542.0,681.0,748.0,557.0,191.0,0.24475648616887968,0.9987989525735209,1611.0627105010892,1540.1479848683693,680.1820867025677,747.1016165249937,556.3310165834512,190.77059994154249
New Era CC,3.686271973880809,26163536900,0.3762887010653107,3608.0,3599.0,1009.0,1354.0,1161.0,193.0,0.3762887010653108,1.0,3608.0,3599.0,1009.0,1354.0,1161.0,193.0
New Era CC,3.686271973880809,26163537000,0.3886955056495445,2992.0,2895.0,745.0,1482.0,1054.0,428.0,0.3886955056495446,1.0,2992.0,2895.0,745.0,1482.0,1054.0,428.0
New Era CC,3.686271973880809,26163537100,0.44045436223747464,2100.0,2100.0,669.0,1077.0,836.0,241.0,0.4404543622374745,0.9999999999999997,2099.999999999999,2099.999999999999,668.9999999999998,1076.9999999999995,835.9999999999998,240.99999999999991
New Era CC,3.686271973880809,26163537200,0.4479080180707515,638.0,638.0,357.0,403.0,214.0,189.0,0.24333925938240325,0.5432795341117681,346.61234276330805,346.61234276330805,193.9507936779012,218.94165224704255,116.26182029991837,102.67983194712417
New Era CC,3.686271973880809,26163537300,0.497469595457361,2156.0,2156.0,171.0,1174.0,814.0,360.0,0.006197679101549557,0.012458407826616152,26.860327274184424,26.860327274184424,2.130387738351362,14.626170788447363,10.141143970865548,4.485026817581814
New Era CC,3.686271973880809,26163537500,0.362934045020809,2976.0,2976.0,914.0,1351.0,1194.0,157.0,0.1110402784825391,0.30595167360552394,910.5121806500392,910.5121806500392,279.6398296754489,413.34071104106283,365.3062982849956,48.03441275606726
New Era CC,3.686271973880809,26163537600,0.3669729033147451,3415.0,3294.0,1511.0,1397.0,1213.0,184.0,0.11226622044301753,0.3059250953652268,1044.7342006722495,1007.717264133057,462.25281909685765,427.3773582252218,371.0871406780201,56.29021754720173
New Era CC,3.686271973880809,26163537700,0.36474215518978736,2607.0,2607.0,781.0,1409.0,1088.0,321.0,0.11197873560712189,0.30700793427306383,800.3696846498774,800.3696846498774,239.77319666726285,432.57417939074696,334.02463248909345,98.54954690165349
New Era CC,3.686271973880809,26163537800,0.32006274165170573,1266.0,1266.0,608.0,912.0,564.0,348.0,0.1842509112637476,0.5756712271878573,728.7997736198274,728.7997736198274,350.00810613021724,525.0121591953259,324.67857213395155,200.33358706137435
New Era CC,3.686271973880809,26163538500,0.49741857860005945,5512.0,5512.0,844.0,2448.0,2066.0,382.0,0.0008428575521794192,0.001694463352276803,9.339881997749739,9.339881997749739,1.4301270693216217,4.148046286373614,3.500761285803875,0.6472850005697387
New Era CC,3.686271973880809,26163538700,0.4990280600433146,3574.0,3574.0,997.0,1484.0,1392.0,92.0,0.24780019945178022,0.49656566292138293,1774.7256792810226,1774.7256792810226,495.0759659326188,736.9034437753322,691.2194027865651,45.68404098876723
New Era CC,3.686271973880809,26163539400,0.46105386219352346,3884.0,3838.0,542.0,1618.0,1460.0,158.0,0.13416907391333624,0.29100520549813746,1130.264218154766,1116.8779787018516,157.72482137999052,470.8464224959864,424.8676000272807,45.97882246870572
New Era CC,3.686271973880809,26163539500,0.6008492442938651,2566.0,2427.0,462.0,1326.0,1186.0,140.0,0.3480775156332469,0.5793092342860768,1486.5074951780732,1405.9835116123086,267.6408662401675,768.1640446633379,687.0607518632871,81.10329280005075
Force Detroit,3.9234418407307774,26163545700,0.4212198790001758,3175.0,3161.0,1887.0,1169.0,1049.0,120.0,0.39501666103064054,0.9377920670987032,2977.4898130383826,2964.360724099001,1769.613630615253,1096.2789264383841,983.7438783865397,112.53504805184438
Force Detroit,3.9234418407307774,26163545800,0.5544124023090166,5147.0,5147.0,2226.0,1883.0,1647.0,236.0,0.5506530521835348,0.9932192171210008,5112.099310521791,5112.099310521791,2210.9059773113477,1870.2317858388444,1635.8320505982883,234.3997352405562
Force Detroit,3.9234418407307774,26163545900,0.49334678272321675,4325.0,4314.0,2401.0,1586.0,1361.0,225.0,0.4854755867008773,0.9840453078889227,4255.995956619591,4245.171458232813,2362.6927842413033,1560.6958583118314,1339.2856640368238,221.41019427500763
Force Detroit,3.9234418407307774,26163546000,0.4941528010663402,2198.0,2198.0,560.0,1461.0,1137.0,324.0,0.48931490751989015,0.990209721495031,2176.480967846078,2176.480967846078,554.5174440372173,1446.6964031042403,1125.8684533398502,320.82794976439004
Force Detroit,3.9234418407307774,26163546100,0.4888138449220117,3714.0,3714.0,1482.0,1571.0,1389.0,182.0,0.4833955107160059,0.988915342185387,3672.8315808765274,3672.8315808765274,1465.5725371187436,1553.586002573243,1373.6034102955025,179.98259227774042
Force Detroit,3.9234418407307774,26163546600,0.2802666816555259,1479.0,1479.0,607.0,888.0,718.0,170.0,0.2801687219703479,0.9996504768793804,1478.4830553046036,1478.4830553046036,606.7878394657839,887.6896234688897,717.7490423993951,169.94058106949467
Force Detroit,3.9234418407307774,26163546700,0.4936051631978386,2824.0,2824.0,638.0,1169.0,987.0,182.0,0.4857397237839548,0.9840653218395706,2779.0004688749473,2779.0004688749473,627.833675333646,1150.372361230458,971.2724726556562,179.09988857480187
Force Detroit,3.9234418407307774,26163547000,0.5042774489399006,3144.0,3144.0,1280.0,1601.0,1323.0,278.0,0.2562772190311939,0.508206780949542,1597.80211930536,1597.80211930536,650.5046796154137,813.6390563002167,672.3575711962441,141.28148510397267
Force Detroit,3.9234418407307774,26163547100,0.9420611416128405,3923.0,3901.0,1201.0,2235.0,1676.0,559.0,0.48653659707324476,0.5164596814175751,2026.0713302011472,2014.7092172099606,620.2680773825077,1154.2873879682804,865.5864260558559,288.70096191242453
Force Detroit,3.9234418407307774,26163985800,1.8825391244506788,0.0,0.0,0.0,0.0,0.0,0.0,0.00751530234714249,0.003992109512908764,0.0,0.0,0.0,0.0,0.0,0.0
Detroit Peoples Community,4.377687069302223,26163539200,0.698506386267579,4677.0,4588.0,770.0,2281.0,2176.0,105.0,0.196512878041987,0.2813329726189622,1315.7943129388862,1290.7556783757984,216.6263889166009,641.7205105438527,612.1805484188617,29.53996212499103
Detroit Peoples Community,4.377687069302223,26163539300,0.5076300917214871,3924.0,3924.0,958.0,1886.0,1778.0,108.0,0.023545077977678432,0.04638235274396719,182.00435216732726,182.00435216732726,44.434293928720564,87.47711727512211,82.46782317877366,5.009294096348456
Detroit Peoples Community,4.377687069302223,26163539500,0.6008492442938651,2566.0,2427.0,462.0,1326.0,1186.0,140.0,0.00043075174886413113,0.0007169048691579244,1.839577894259234,1.7399281174462826,0.33121004955096106,0.9506158565034077,0.8502491748212984,0.10036668168210942
Detroit Peoples Community,4.377687069302223,26163539600,0.4243555549900281,3405.0,3405.0,277.0,1576.0,1394.0,182.0,0.2398482741875697,0.5652059254725813,1924.5261762341393,1924.5261762341393,156.56204135590502,890.7645385447881,787.8970601087783,102.8674784360098
Detroit Peoples Community,4.377687069302223,26163539700,0.2872352130673235,2464.0,2464.0,1000.0,1183.0,1118.0,65.0,0.2667845734436415,0.9288017670072759,2288.567553905928,2288.567553905928,928.8017670072759,1098.7724903696073,1038.4003755141346,60.37211485547294
Detroit Peoples Community,4.377687069302223,26163540100,0.4765843305940314,3539.0,3539.0,1493.0,1679.0,1381.0,298.0,0.47214178890087777,0.9906783723090177,3506.0107596016137,3506.0107596016137,1479.0828098573634,1663.3489871068407,1368.1268321587534,295.2221549480873
Detroit Peoples Community,4.377687069302223,26163540200,0.49021197352347384,3277.0,3258.0,1189.0,1527.0,1136.0,391.0,0.4902119735234741,1.0,3277.0,3258.0,1189.0,1527.0,1136.0,391.0
Detroit Peoples Community,4.377687069302223,26163540300,0.49760149599228115,4213.0,4213.0,1715.0,1583.0,1420.0,163.0,0.49116321405786884,0.9870613694165578,4158.489549351958,4158.489549351958,1692.8102485493966,1562.518147786411,1401.627144571512,160.89100321489892
Detroit Peoples Community,4.377687069302223,26163540500,0.5374077254465317,2670.0,2670.0,1081.0,1241.0,1106.0,135.0,0.2660824982418027,0.49512220543669133,1321.976288515966,1321.976288515966,535.2271040770634,614.4466569469339,547.6051592129807,66.84149773395333
Detroit Peoples Community,4.377687069302223,26163540600,0.4622785042873217,3280.0,3280.0,548.0,1193.0,1053.0,140.0,0.22715407346073563,0.491379268891014,1611.724001962526,1611.724001962526,269.2758393522757,586.2154677869797,517.4223701422378,68.79309764474196
Detroit Peoples Community,4.377687069302223,26163540700,0.49870244445300604,3516.0,3414.0,1370.0,1337.0,1095.0,242.0,0.49870244445300577,0.9999999999999994,3515.999999999998,3413.999999999998,1369.9999999999993,1336.9999999999993,1094.9999999999993,241.99999999999986
Detroit Peoples Community,4.377687069302223,26163540800,0.4935402252433423,2138.0,2138.0,370.0,981.0,830.0,151.0,0.48720644443737265,0.9871666371209221,2110.5622701645316,2110.5622701645316,365.2516557347412,968.4104710156246,819.3483088103653,149.06216220525923
Detroit Peoples Community,4.377687069302223,26163540900,0.4874670207336639,3372.0,3320.0,708.0,1459.0,1372.0,87.0,0.23915351016970773,0.4906044921967622,1654.3183476874822,1628.8069140932505,347.3479804753077,715.7919541150761,673.1093632939578,42.68259082111831
Detroit Peoples Community,4.377687069302223,26163541000,0.49594471417803615,4270.0,4196.0,1571.0,1815.0,1641.0,174.0,0.24292211590264873,0.48981692708482744,2091.518278652213,2055.271826047936,769.5023924502639,889.0177226589618,803.7895773462018,85.22814531275998
Detroit Peoples Community,4.377687069302223,26163541100,0.5528602658962786,1905.0,1905.0,665.0,1087.0,792.0,295.0,0.23582745075474756,0.42655887084312705,812.594648956157,812.594648956157,283.6616491106795,463.6694926064791,337.83462570775663,125.83486689872248
Detroit Friends & Family,3.8155638307775,26163500100,0.4711057296108341,4042.0,4016.0,1373.0,1666.0,1354.0,312.0,7.234307195590875e-07,1.5356016157067147e-06,0.006206901730686541,0.006166976088678167,0.002108381018365319,0.002558312291767387,0.0020792045876668916,0.000479107704100495
Detroit Friends & Family,3.8155638307775,26163500500,0.31398091216781443,1165.0,1142.0,226.0,788.0,533.0,255.0,0.0017819459551794506,0.005675332117727742,6.61176191715282,6.481229278445082,1.2826250586064698,4.472161708769461,3.0249520187488868,1.4472096900205744
Detroit Friends & Family,3.8155638307775,26163500600,0.5667053240789169,2811.0,2811.0,884.0,1388.0,985.0,403.0,1.3643321540299748e-05,2.407480741860798e-05,0.06767428365370703,0.06767428365370703,0.021282129758049453,0.03341583269702788,0.02371368530732886,0.009702147389699016
Detroit Friends & Family,3.8155638307775,26163500700,0.4708249579146441,4284.0,4284.0,1415.0,1637.0,1343.0,294.0,0.35803955156232437,0.7604515129107352,3257.7742813095897,3257.7742813095897,1076.0388907686904,1244.8591266348735,1021.2863818391173,223.57274479575614
Detroit Friends & Family,3.8155638307775,26163500800,0.3107386449798733,2287.0,2287.0,758.0,1031.0,899.0,132.0,0.2370767971975939,0.7629459709234089,1744.857435501836,1744.857435501836,578.3130459599439,786.5972960220346,685.8884278601446,100.70886816188997
Detroit Friends & Family,3.8155638307775,26163500900,0.45021753030162726,3771.0,3771.0,1666.0,1706.0,1279.0,427.0,0.2624387287364996,0.5829153932781703,2198.1739480519805,2198.1739480519805,971.1370452014318,994.4536609325586,745.5487880027798,248.90487292977872
Detroit Friends & Family,3.8155638307775,26163501000,0.34590017992739436,2933.0,2905.0,1184.0,1230.0,853.0,377.0,0.18777763938178543,0.542866555956116,1592.2276086192883,1577.027345052517,642.7540022520413,667.7258638260226,463.06517223056693,204.66069159545572
Detroit Friends & Family,3.8155638307775,26163501100,0.4769644302041611,2886.0,2886.0,1352.0,1488.0,1174.0,314.0,0.45225625614879644,0.9481970300284478,2736.4966286621,2736.4966286621,1281.9623845984613,1410.9171806823304,1113.1833132533977,297.7338674289326
Detroit Friends & Family,3.8155638307775,26163501200,0.26541329219917353,1639.0,1639.0,806.0,682.0,498.0,184.0,0.25344665925864607,0.9549132116128254,1565.1027538334208,1565.1027538334208,769.6600485599373,651.2508103199469,475.546779383187,175.70403093675986
Detroit Friends & Family,3.8155638307775,26163501300,0.4769024244978482,3746.0,3746.0,1099.0,1401.0,1147.0,254.0,0.0016543144868281143,0.0034688741382894327,12.994402522032216,12.994402522032216,3.8122926779800865,4.8598926677434955,3.9787986366179795,0.8810940311255159
Detroit Friends & Family,3.8155638307775,26163501400,0.49132069880015183,3365.0,3365.0,592.0,1365.0,1169.0,196.0,0.04465968173257561,0.09089721202798592,305.86911847417264,305.86911847417264,53.81114952056767,124.07469441820079,106.25884086071555,17.81585355748524
Detroit Friends & Family,3.8155638307775,26163501500,0.6187388017095394,4168.0,4139.0,868.0,1723.0,1572.0,151.0,0.0233876823344435,0.03779895857480522,157.54605933978814,156.4498895411188,32.80949604293093,65.12760562438939,59.419962879593804,5.707642744795588
Detroit Friends & Family,3.8155638307775,26163503900,0.37985520816243956,1795.0,1795.0,756.0,936.0,611.0,325.0,0.37953373841688165,0.9991537045204328,1793.480899614177,1793.480899614177,755.3602006174473,935.2078674311251,610.4829134619845,324.7249539691407
Detroit Friends & Family,3.8155638307775,26163504000,0.24400942484704685,1024.0,1023.0,191.0,540.0,378.0,162.0,0.24331989714716304,0.9971741759552278,1021.1063561781533,1020.109182002198,190.46026760744851,538.4740550158231,376.93183851107614,161.5422165047469
Detroit Friends & Family,3.8155638307775,26163504100,0.28518610570404507,1209.0,1185.0,457.0,756.0,547.0,209.0,0.28509023438282843,0.9996638289197857,1208.593569164021,1184.601637269946,456.8463698163421,755.7458546633579,546.8161144191228,208.9297402442352
Detroit Friends & Family,3.8155638307775,26163504200,0.38845304426752325,1639.0,1634.0,475.0,1066.0,603.0,463.0,0.3679582335453669,0.9472399276447894,1552.5262414098097,1547.7900417715857,449.9389656312749,1009.7577628693455,571.185676369808,438.5720864995375
Detroit Friends & Family,3.8155638307775,26163504300,0.3652439875602687,2053.0,2053.0,516.0,1024.0,726.0,298.0,0.3533191535014884,0.967351046246004,1985.9716979430461,1985.9716979430461,499.1531398629381,990.5674713559081,702.2968595745989,288.2706117813092
Detroit Friends & Family,3.8155638307775,26163504400,0.37137132095050623,1699.0,1699.0,771.0,873.0,572.0,301.0,0.35705146189756504,0.9614405899295341,1633.4875622902784,1633.4875622902784,741.2706948356707,839.3376350084833,549.9440174396935,289.39361756878975
Detroit Friends & Family,3.8155638307775,26163505200,0.4115203115362655,3188.0,3179.0,1173.0,1542.0,1300.0,242.0,0.0008968577485329894,0.002179376627085279,6.947852687147869,6.928238297504102,2.5564087835710323,3.3605987589655,2.8331896152108627,0.5274091437546375
Detroit Friends & Family,3.8155638307775,26163505400,0.5367027149768824,2183.0,2183.0,586.0,1317.0,841.0,476.0,0.005568622060830804,0.010375617460907876,22.649972917161893,22.649972917161893,6.080111832092015,13.664688196015673,8.725894284623523,4.938793911392149
Detroit Friends & Family,3.8155638307775,26163505700,2.461709290464901,3164.0,3149.0,1077.0,1700.0,1025.0,675.0,0.00029200853027689207,0.00011862023326960163,0.3753144180650196,0.37353511456597555,0.12775399123136097,0.20165439655832276,0.12158573910134167,0.08006865745698111
Detroit 300,4.485922422236789,26163535300,0.7647500606785762,3630.0,3630.0,993.0,1565.0,1289.0,276.0,0.48353390824792497,0.6322770446319113,2295.165672013838,2295.165672013838,627.8511053194878,989.5135748489411,815.0051105305336,174.5084643184075
Detroit 300,4.485922422236789,26163535800,0.7571108988936088,3984.0,3984.0,1567.0,1873.0,1541.0,332.0,1.7602491039048885e-05,2.3249554411080315e-05,0.09262622477374398,0.09262622477374398,0.036432051762162854,0.04354641541195343,0.035827563347474764,0.007718852064478665
Detroit 300,4.485922422236789,26163537300,0.497469595457361,2156.0,2156.0,171.0,1174.0,814.0,360.0,0.38526247733177427,0.774444269257448,1669.7018445190579,1669.7018445190579,132.42997004302362,909.197572108244,630.3976351755626,278.7999369326813
Detroit 300,4.485922422236789,26163537500,0.362934045020809,2976.0,2976.0,914.0,1351.0,1194.0,157.0,0.25000031002172607,0.688831244826845,2049.961784604691,2049.961784604691,629.5917577717363,930.6110117610676,822.4645063232529,108.14650543781467
Detroit 300,4.485922422236789,26163537600,0.3669729033147451,3415.0,3294.0,1511.0,1397.0,1213.0,184.0,0.0042143987347044625,0.01148422321276909,39.21862227160644,37.829031262861385,17.352661274494096,16.04345982823842,13.930362757088908,2.1130970711495127
Detroit 300,4.485922422236789,26163537700,0.36474215518978736,2607.0,2607.0,781.0,1409.0,1088.0,321.0,0.2503842825596989,0.6864692742450231,1789.6253979567753,1789.6253979567753,536.132503185363,967.2352074112376,746.8785703785852,220.35663703265243
Detroit 300,4.485922422236789,26163537800,0.32006274165170573,1266.0,1266.0,608.0,912.0,564.0,348.0,0.1290413555142423,0.4031751863660092,510.4197859393676,510.4197859393676,245.1305133105336,367.69576996580037,227.39080511042917,140.3049648553712
Detroit 300,4.485922422236789,26163542100,0.49747512346501754,4928.0,4928.0,1934.0,1959.0,1752.0,207.0,0.012109602538246493,0.02434212680606137,119.95800090027042,119.95800090027042,47.077673242922685,47.68622641307422,42.64740616421952,5.038820248854703
Detroit 300,4.485922422236789,26163542200,0.502243977529037,3571.0,3530.0,862.0,1836.0,1559.0,277.0,0.498680723247075,0.992905331987269,3545.664940526538,3504.95582191506,855.884396173026,1822.9741895286259,1547.9394125681524,275.03477696047355
Detroit 300,4.485922422236789,26163542300,0.320083835713909,2406.0,2397.0,1101.0,1358.0,1153.0,205.0,0.3197843128213709,0.9990642361184215,2403.748552100922,2394.7569739758565,1099.9697239663822,1356.7292326488164,1151.92106424454,204.80816840427642
Detroit 300,4.485922422236789,26163542400,0.2648574144922011,2235.0,2224.0,553.0,1057.0,907.0,150.0,0.2648574144922013,1.0,2235.0,2224.0,553.0,1057.0,907.0,150.0
Detroit 300,4.485922422236789,26163542500,0.4124147451894536,2437.0,2358.0,208.0,1040.0,983.0,57.0,0.40742065174081205,0.987890604041455,2407.489402049026,2329.4460443297507,205.48124564062263,1027.4062282031132,971.0964637727503,56.30976443036293
Detroit 300,4.485922422236789,26163542600,0.5327228092358088,3231.0,3179.0,971.0,1389.0,1171.0,218.0,0.5327228092358092,1.0,3231.0,3179.0,971.0,1389.0,1171.0,218.0
Detroit 300,4.485922422236789,26163543300,0.8843884637531031,3391.0,3384.0,582.0,1427.0,1181.0,246.0,0.004426752749865157,0.0050054392739127635,16.97344457783818,16.93840650292079,2.9131656574172284,7.142761843873513,5.9114237824909734,1.2313380613825398
Detroit 300,4.485922422236789,26163545100,0.44409955786376726,610.0,610.0,245.0,561.0,337.0,224.0,0.4440995578637671,0.9999999999999997,609.9999999999998,609.9999999999998,244.99999999999991,560.9999999999998,336.9999999999999,223.99999999999991
Detroit 300,4.485922422236789,26163545200,0.4889210801912915,2757.0,2757.0,1400.0,1232.0,945.0,287.0,0.48414597378403024,0.990233379985594,2730.073428620283,2730.073428620283,1386.3267319798317,1219.967524142252,935.7705440863864,284.1969800558655
Detroit 300,4.485922422236789,26163546700,0.4936051631978386,2824.0,2824.0,638.0,1169.0,987.0,182.0,5.445802105354307e-05,0.00011032708957243244,0.3115637009525492,0.3115637009525492,0.0703886831472119,0.12897236771017354,0.10889283740799081,0.020079530302182704
Detroit 300,4.485922422236789,26163547100,0.9420611416128405,3923.0,3901.0,1201.0,2235.0,1676.0,559.0,0.014918594483038032,0.01583612127074565,62.125103745135185,61.77670907717878,19.019181646165524,35.39373104011653,26.54133924976971,8.852391790346818
Detroit 300,4.485922422236789,26163547200,0.9996470206314929,3550.0,3422.0,1195.0,1641.0,1454.0,187.0,0.00024723635832247745,0.0002473236584712615,0.8779989875729782,0.8463415592886568,0.29555177187315745,0.4058581235513401,0.3596085994172142,0.0462495241341259
